<?xml version="1.0" encoding="UTF-8"?>
<project-private xmlns="http://www.netbeans.org/ns/project-private/1">
    <editor-bookmarks xmlns="http://www.netbeans.org/ns/editor-bookmarks/2" lastBookmarkId="0"/>
    <open-files xmlns="http://www.netbeans.org/ns/projectui-open-files/2">
        <group>
            <file>file:/D:/MEGA/Tananyagok/Java%204/06%20Öröklődés%201/Megoldások/AruDemo/src/arus/AruDemo.java</file>
            <file>file:/D:/MEGA/Tananyagok/Java%204/06%20Öröklődés%201/Megoldások/AruDemo/src/arus/Kenyer.java</file>
            <file>file:/D:/MEGA/Tananyagok/Java%204/06%20Öröklődés%201/Megoldások/AruDemo/src/arus/Aru.java</file>
        </group>
    </open-files>
</project-private>
